variable,n,missing_rate,mean,std,min,p25,median,p75,max
junior_output_share,1440,0.0,0.5201001749614517,0.1678407504782793,0.0,0.3939393939393939,0.5277777777777778,0.6463800904977376,1.0
junior_merged_pr_share,1440,0.0,0.5160610687449546,0.20401548476239006,0.0,0.375,0.5322916666666666,0.6666666666666666,1.0
junior_ticket_share,1440,0.0,0.5231261733944803,0.18852234021616798,0.0,0.3846153846153846,0.5377492877492878,0.6666666666666666,1.0
treated,1440,0.0,0.39375,0.48875026770679186,0.0,0.0,0.0,1.0,1.0
total_output,1440,0.0,33.2125,15.961057869431064,10.0,21.0,29.0,43.25,103.0
total_merged_prs,1440,0.0,14.827083333333333,7.776586076209465,4.0,9.0,13.0,19.0,58.0
total_completed_tickets,1440,0.0,18.385416666666668,9.171029322789883,6.0,11.0,16.0,24.0,54.0
adoption_week,1020,0.2916666666666667,14.323529411764707,3.8037267111541855,8.0,11.0,15.0,17.0,22.0
event_time,1020,0.2916666666666667,1.1764705882352942,9.458251601139553,-21.0,-6.0,1.0,9.0,22.0
